transaction_id,user_id,amount,transaction_type,merchant_category,country,hour,device_risk_score,ip_risk_score
0,0,0,0,Travel,TR,12,0.12012012,0.9128122
9608,363,4922.5875423114285,ATM,Travel,TR,12,0.9923465237053082,0.9479076765522912
456,692,48.01830285876102,QR,Food,US,21,0.16857123943741714,0.22405740349119166
4747,587,136.88196000299405,Online,Travel,TR,14,0.29612724879473956,0.12505769241015305
6934,445,80.53471896232148,POS,Clothing,TR,23,0.12480097836782779,0.1592425051585693
0,11111,4922.58,ATM,Travel,TR,12,0.50,0.40
1646,729,120.04115818676428,Online,Grocery,FR,16,0.0981289537116425,0.02754196922389681
2183,944,97.10862458470542,POS,Clothing,DE,17,0.2353994323859285,0.1054540510901703
1919,829,166.2092618572779,Online,Travel,UK,12,0.11590590864268228,0.22371784341004333
3479,845,96.51263663096326,Online,Grocery,US,7,0.08225043328647746,0.034023010133471865
6796,129,83.33870063187989,PT,Food,DE,16,0.0217744413637976,0.27959750653342147
5129,249,89.69573134806983,QR,Grocery,UK,6,0.09535343717269791,0.13633641340833455
7402,701,101.40382672472745,QR,Travel,FR,7,0.16479393481940688,0.29193962463857537
6188,116,106.56344355857529,QR,Food,DE,23,0.13623596858798723,0.1358305529043107
8538,679,55.36360144813594,Online,Food,US,10,0.07430426366719887,0.1287602546987983
8410,559,99.41209708030595,Online,Food,DE,10,0.08477355164396096,0.014333688637872632
8201,564,94.5456051441663,ATM,Clothing,TR,20,0.13348972740002596,0.16200983448572015
2187,336,133.4106627218069,POS,Food,UK,19,0.08313216365193023,0.28602018920359074
5666,166,157.99812334207053,QR,Electronics,FR,19,0.2075330047227872,0.019961657221260854
1419,288,202.99589542072368,QR,Grocery,TR,23,0.15654429930596844,0.08275756652907204
6484,984,88.50981483421131,QR,Travel,UK,19,0.14780302978986357,0.20648020390836644
2480,137,115.30655945024978,Online,Food,FR,14,0.20638437804657292,0.06876635331550568
2818,893,63.99286999198463,QR,Travel,FR,12,0.04374362149392835,0.2228466120955162
8826,620,113.30575124310727,ATM,Clothing,TR,9,0.1421629827225529,0.03488554332227759
8257,600,131.96349737388977,Online,Clothing,FR,18,0.0398973274519932,0.04451144237697532
9933,121,4284.177966789535,ATM,Food,TR,12,0.7378542343081798,0.7310706966099291
9035,358,76.69547978824451,POS,Grocery,TR,7,0.09397596614893379,0.1849988394372379
7468,688,138.64170246332006,POS,Electronics,TR,17,0.10804562947730546,0.2096710067601381
464,832,133.26357531450472,Online,Travel,DE,15,0.05743408766243224,0.09218882146107052
599,155,17.551208105434853,POS,Electronics,FR,7,0.01246941955515144,0.1750715829203944
3094,200,1.0,POS,Food,US,9,0.10658355233745694,0.18046503496239283
8745,865,154.71804286403912,Online,Grocery,FR,9,0.1640808974863007,0.030920377220238035
2730,375,103.78133891952018,ATM,Grocery,US,17,0.20616674972970359,0.1443677662279165
4155,826,54.19831276462013,ATM,Grocery,TR,22,0.09201098790026788,0.010838117485445798
4298,847,91.65205846735249,QR,Food,TR,18,0.26634068946690326,0.13020517084226832
9139,769,135.33542351011545,POS,Grocery,FR,16,0.07311850410350935,0.08330499402108069
3983,271,64.96868148807118,POS,Grocery,TR,16,0.019904129813445925,0.24535898534981151
8777,568,117.16488454620773,POS,Food,DE,10,0.12743186140282867,0.29341556582454326
2140,719,174.589108171203,Online,Clothing,FR,6,0.16542472577396158,0.2109866241018303
3084,161,98.82222998896229,ATM,Food,TR,19,0.19931766932469197,0.05084975470159274
7706,557,101.63738237647001,POS,Food,TR,15,0.07841237100753193,0.16087964266787066
7574,421,138.32723758855823,POS,Electronics,FR,8,0.26407777612541905,0.15124795249782558
4233,561,118.62598335458355,ATM,Travel,FR,15,0.018631461053762555,0.056957332366092815
3826,920,109.3592013744292,ATM,Electronics,TR,8,0.05952247911059308,0.029689872667215643
8966,430,140.46800360052507,POS,Grocery,US,9,0.01194990499783708,0.10184881300671102
5329,968,120.11759942271706,POS,Clothing,FR,19,0.08275895114990729,0.22997840609489678
6819,927,50.680696435170574,POS,Travel,TR,12,0.284411500347179,0.21442453213170945
1711,813,173.9763601759259,ATM,Electronics,TR,9,0.003056771782739187,0.09095194237994982
8484,879,53.2537959280578,POS,Electronics,FR,19,0.2647985061944684,0.0966700613416593
7710,984,26.693043335417926,Online,Electronics,US,17,0.25218446311202225,0.10270529564741826
4048,798,79.4225525848626,ATM,Food,US,8,0.013121045769315531,0.14700698614671623
4570,566,3.625878623295307,POS,Food,US,20,0.2182522730324213,0.2374910585964388
5474,94,123.13936932641539,Online,Food,UK,12,0.21711148820086373,0.057834714361196714
4669,656,90.12027156388204,Online,Clothing,US,19,0.15954776000702672,0.2543958333765973
2459,900,49.77455845335883,QR,Electronics,DE,10,0.2638938638428773,0.06520393877072239
8065,822,91.05626975759722,Online,Clothing,FR,16,0.1377325482114759,0.2797528842122726
2577,71,127.58261342895372,QR,Clothing,UK,15,0.21876075997882247,0.1226037875114424
3055,29,115.13384467114868,Online,Clothing,US,12,0.227314131694864,0.2435908853140819
7148,370,159.54442682243848,Online,Electronics,DE,15,0.18823865717964666,0.2722497398464544
7100,122,5.48290988664732,ATM,Grocery,FR,15,0.04514825351271806,0.10579345005912982
9046,904,139.829715136147,Online,Travel,DE,18,0.03151037216298389,0.16875926124011534
6599,550,122.59530988166685,Online,Clothing,US,13,0.004126559839251642,0.1266117979988969
7821,289,165.54413633443482,Online,Electronics,UK,18,0.07036328273922653,0.22769297001382863
4263,81,132.90337877784268,POS,Electronics,FR,10,0.09340228056039593,0.1684848876891333
2421,851,47.642508611002135,POS,Electronics,FR,22,0.16730075781249032,0.051421084147344566
9424,180,101.84526692765071,ATM,Food,DE,23,0.2474308322806208,0.07494734649413996
858,422,107.18823215542925,ATM,Grocery,FR,23,0.17919454996116552,0.07018595389063571
2617,886,91.43583377679064,QR,Grocery,TR,16,0.23899925561217034,0.2610743228284792
6602,687,138.70897592716133,Online,Electronics,UK,7,0.06439623092981174,0.07296019034156494
7364,864,103.36299797624487,POS,Grocery,DE,14,0.11349089516039906,0.2005185477624474
8924,383,115.47299980017277,ATM,Travel,UK,9,0.24556261355164138,0.040412582469742164
5516,236,108.86896702921398,ATM,Clothing,TR,17,0.008884435877148888,0.06355318885576534
430,644,101.36278161802896,ATM,Travel,FR,6,0.02568504718930643,0.16655118511196884
780,963,124.61197322324276,Online,Travel,FR,10,0.05065553889141124,0.058284658392482765
3134,313,136.82068722680066,ATM,Clothing,FR,6,0.11776763928338213,0.011940461184689388
6656,225,96.46399755498938,POS,Grocery,TR,21,0.010938494739082082,0.017415587790682308
1619,469,11.670064029302537,POS,Travel,UK,15,0.010273815037302203,0.14490026481736853
6718,671,76.32103400909968,POS,Grocery,TR,6,0.1315186394436656,0.21249754006465899
4444,573,46.347452064676695,QR,Food,UK,19,0.18993419990186197,0.10575447339676013
4224,49,55.52541297557765,ATM,Food,FR,6,0.08191691216830967,0.13774866537371802
4045,196,169.04032942275046,POS,Food,TR,15,0.0752278552527995,0.24742125838938647
8807,399,136.97009075116023,Online,Food,UK,21,0.2678971292525244,0.159062770700477
5198,935,91.08125401958635,Online,Travel,UK,20,0.1681825772928388,0.10890653438590676
4094,466,209.80447796484077,QR,Food,DE,19,0.1318268787023069,0.11229272584147089
9468,739,50.13743827714536,POS,Clothing,US,12,0.11169190214003594,0.20715922072821086
8627,507,101.92427641704636,ATM,Food,DE,7,0.12273649066915511,0.056103236224799354
9637,560,1148.3781142450566,POS,Travel,DE,19,0.9457090365115758,0.8356164711703118
4098,541,123.57642420876195,Online,Clothing,US,7,0.2138955716428217,0.22509406925859077
4554,390,184.844490979032,POS,Food,US,13,0.02288091530019698,0.20300707710885282
9711,935,952.5479053919955,QR,Travel,UK,20,0.7836105783236501,0.9855213091060349
5481,532,104.41789955780361,Online,Food,FR,6,0.19165192431957037,0.10571199196927511
9939,291,2865.421641083602,ATM,Food,TR,13,0.8348428961233149,0.9043038262096079
2670,770,94.99402990193762,QR,Travel,DE,8,0.06690341363272852,0.05035060544974922
6904,310,1.0,POS,Food,DE,14,0.1105089221114371,0.20254048751239986
5261,594,32.686193838407036,POS,Food,UK,17,0.14577518225492417,0.06662461545307642
5119,413,78.25866043661317,ATM,Clothing,UK,17,0.23900643592673126,0.12898804628355662
1286,384,87.00080373736473,POS,Travel,TR,17,0.17459193146325086,0.0038651628399246182
3477,282,122.41985082648074,Online,Electronics,FR,13,0.24585393191364516,0.18524403545684068
7000,992,74.8914246573711,POS,Grocery,UK,6,0.24576659100461434,0.04509822001043938
4910,471,200.5075425044567,QR,Food,US,20,0.17745568488929106,0.012507310935128978
7867,362,97.60850769010432,POS,Clothing,FR,9,0.0015202916512892849,0.2552094910356927
2909,26,111.9967638862463,QR,Grocery,UK,11,0.0599936841825377,0.02567378767536166
3556,116,84.7203866242792,Online,Grocery,DE,6,0.10102367892968442,0.19932663041336873
1062,438,104.45503833519383,POS,Electronics,DE,16,0.18833212800904048,0.18858338637725572
7850,966,96.87859312624346,QR,Travel,DE,6,0.2919247990599973,0.03906249983256105
3658,332,75.0700982162913,ATM,Grocery,DE,20,0.10221330502329094,0.27917779122969777
5505,192,36.12910259338076,ATM,Food,US,7,0.0892649893292172,0.05852493767803909
8275,596,102.74316435780707,Online,Travel,US,23,0.0033562288631217574,0.11469177903523625
7595,666,90.70496524121663,POS,Electronics,US,7,0.24191376468156767,0.11445806004105406
9723,631,2830.4336256815195,POS,Clothing,US,4,0.9251573393310356,0.7427565816549759
5772,258,95.92530670202538,ATM,Travel,US,10,0.16045742211054878,0.12052715035070621
5378,707,146.73350790502673,Online,Food,DE,6,0.29123539710970825,0.1949382380269708
6053,258,65.08888838307519,POS,Electronics,FR,11,0.14543586037899806,0.29275620380307865
7396,309,103.49439979347041,POS,Food,UK,13,0.28191323400933516,0.16613181517185371
20,733,133.63128804359764,POS,Clothing,US,16,0.18668513248605065,0.27342893983001487
170,590,58.468920972767755,QR,Clothing,FR,12,0.037991970701095355,0.0674814845407813
641,605,82.70095845487546,POS,Travel,US,20,0.15735652559461347,0.18926995348733322
3354,920,82.75751237967297,Online,Food,UK,23,0.293356678207243,0.20380876836375528
1423,194,99.23809767499567,QR,Food,DE,22,0.15906445775023928,0.1389549414163541
2254,824,190.5151305002081,QR,Travel,TR,18,0.23325806737860452,0.060432448440951754
1640,649,128.30934682105283,ATM,Food,DE,18,0.0202981572104171,0.23499699832519005
7264,52,184.9006580751744,ATM,Food,DE,16,0.28391514671212487,0.15940952155272362
9223,554,116.58940158548049,POS,Food,DE,7,0.19008300968458772,0.13732013161709303
9507,706,2705.985689932241,QR,Electronics,FR,10,0.7666914162036504,0.803170603796962
6208,457,91.64444360506614,ATM,Grocery,UK,11,0.058953751375015524,0.189254863115476
9248,355,95.6771289713498,POS,Food,US,15,0.037844446740638436,0.18881385372785217
1004,140,28.793879417103113,Online,Travel,TR,8,0.1389189828016998,0.144703084569777
4876,773,80.66033310713371,ATM,Food,FR,13,0.2873580502143676,0.17092943291536852
1049,777,147.63798445970951,POS,Clothing,DE,12,0.127584397150147,0.26478586812937754
7330,393,11.073236540272362,POS,Clothing,UK,16,0.17058849848381363,0.08446080279418725
5266,3,168.75272455823546,Online,Food,TR,11,0.02766056779634023,0.20428045503020556
6209,546,135.1096455824815,POS,Food,DE,6,0.14237629173842029,0.16411475545786314
1515,193,124.65849171194183,ATM,Travel,TR,8,0.025660146312317333,0.1462111826629118
4154,221,141.23351966597565,QR,Travel,TR,19,0.28920075450341287,0.15680611628271315
1078,833,56.93184735252259,POS,Food,UK,16,0.15998811154413234,0.15843693232773914
4650,511,141.42515399100083,POS,Clothing,DE,21,0.022563747063296457,0.11345230605057988
4181,730,170.6530421752021,ATM,Clothing,FR,12,0.1978830378107819,0.21262880783942964
8490,752,186.90733791630697,POS,Clothing,US,8,0.03672589971172694,0.20712101417909473
4305,481,88.35448962548779,POS,Travel,TR,17,0.019087638762389492,0.26486518205021997
2148,184,166.93889852105312,POS,Travel,UK,18,0.02494480582065891,0.10887047379717742
6610,49,120.97752209569563,POS,Travel,DE,15,0.20641578862062773,0.11436496040110289
4346,131,99.22645776164772,ATM,Travel,US,9,0.19538015787546736,0.06438752189479142
2021,375,149.30419457388555,Online,Food,UK,16,0.12688718306594698,0.13780970449380234
6992,603,96.03369018118933,ATM,Travel,TR,19,0.22383549489519175,0.17515509143878427
7122,951,126.7253774103356,QR,Food,US,11,0.15909835728738983,0.02129165520041615
8520,667,152.33241804208896,Online,Travel,TR,10,0.056307834217480396,0.14626879284739785
7995,854,96.40617352071675,ATM,Travel,FR,6,0.025403030937767267,0.052521834874481296
4436,966,202.57871609101102,Online,Food,DE,20,0.14110923219342433,0.11460099792165235
5807,366,22.281096043819957,POS,Travel,FR,11,0.2986620431217556,0.07155889593417321
2714,92,147.02335038607148,Online,Grocery,TR,6,0.20067463902663243,0.10757320593606406
9984,63,2995.346497712466,ATM,Grocery,NG,11,0.8636356014519898,0.8870338381803063
7375,234,167.08601443600577,Online,Clothing,US,10,0.08320322168184133,0.10264521540498384
251,809,141.2977077810032,Online,Food,UK,22,0.1077652446432062,0.05657583121703556
9820,840,10.0,Online,Travel,DE,18,0.7457403542065856,0.9018426585743984
9929,735,2400.7327786589312,QR,Food,NG,15,0.9852015969886676,0.9825089941816367
3481,657,80.76879119679096,ATM,Electronics,UK,11,0.15066889148714632,0.29676423365913823
9701,64,1489.0513114868616,Online,Food,US,14,0.7855839744769192,0.700734362078897
3952,44,92.19931702883724,POS,Travel,UK,8,0.033957878219746426,0.2673053263270433
7112,904,41.188537383125656,Online,Clothing,FR,7,0.2825878407582026,0.13337510364240363
3741,708,103.14167864596703,POS,Electronics,DE,20,0.002402190350345035,0.1944238232590211
5296,433,151.13802783206125,QR,Food,TR,19,0.049727157888664476,0.15129703304171316
9795,537,22.168429062989272,ATM,Clothing,US,4,0.9900607647149674,0.9207362300945698
1956,267,93.9240160899881,ATM,Grocery,US,6,0.02509924126866041,0.04833467913863506
8908,282,10.352471135790324,POS,Electronics,US,13,0.24841632586180823,0.06144795187676844
5878,69,167.47212528194126,Online,Food,FR,22,0.2778528033299613,0.17597212781198987
6637,662,70.38097697563127,POS,Food,US,7,0.21002795709642946,0.22079418153653968
2984,414,64.23687403424105,QR,Clothing,FR,10,0.0717344482486181,0.08909837770161907
5182,709,90.01681629067922,ATM,Food,TR,20,0.03531235125069045,0.16622143616570137
6129,215,74.05664160234895,Online,Grocery,TR,18,0.17025949574998203,0.17056584771910288
4067,593,102.35171820042517,ATM,Grocery,UK,19,0.09807632315920133,0.13528376596375521
4006,66,177.80522187635415,ATM,Electronics,US,18,0.22282977123760492,0.20719619149336396
5227,311,27.767041415835408,POS,Travel,FR,10,0.1603283006945088,0.16129141890175
4087,216,1.0,Online,Grocery,DE,7,0.23645709522206207,0.01981156256064609
5935,791,88.52199134981399,Online,Clothing,TR,12,0.1117499459251283,0.24103698838765664
1051,344,56.41126295153684,QR,Grocery,TR,9,0.2242612103605821,0.22870491098163492
4121,547,137.58119805231786,POS,Travel,TR,19,0.22722389366271922,0.14484551722854688
2322,667,111.50302021917,Online,Clothing,TR,22,0.28051387906578784,0.16609934364974094
1278,206,3.5659282568578874,ATM,Clothing,FR,10,0.22356091537788922,0.23860851597541705
2009,35,125.41564780812617,QR,Food,US,17,0.1813931506553344,0.10203863260594387
2262,842,171.0309146387004,ATM,Grocery,DE,6,0.20509145601151552,0.16179915566995712
239,784,65.40343388306795,Online,Electronics,FR,7,0.23734643168841557,0.06161816601642956
3199,846,1.0,ATM,Electronics,US,21,0.05031776128169345,0.07809253301485905
5197,486,36.857737511581746,QR,Grocery,TR,13,0.1319638267405493,0.053483528836556736
2889,781,128.6988350415839,Online,Electronics,US,14,0.28810953855740395,0.09487204276286561
5434,690,64.04832020187536,ATM,Travel,TR,7,0.06215789598058615,0.09686680930532508
2581,508,19.30044364519499,Online,Electronics,DE,8,0.21710937997762572,0.16657125219878335
8204,891,25.708338022640817,Online,Electronics,US,11,0.09871197292700988,0.004056716383452585
5352,473,176.67504204901547,Online,Food,US,15,0.004613956299689248,0.12062434479929254
5148,203,184.8395549370144,Online,Electronics,UK,15,0.16414991538223261,0.055827862975375155
2879,803,107.83294161575502,POS,Food,DE,12,0.1973556810437351,0.25113349047892064
6626,973,158.6614545646749,POS,Clothing,DE,18,0.2795415809630053,0.21250551300146897
9728,572,10.0,ATM,Clothing,US,16,0.8494823441194108,0.7982471022568695
814,660,64.69356939069473,QR,Grocery,TR,11,0.1351664744573958,0.12612743777685123
8226,896,102.42695699113176,POS,Food,DE,15,0.06179436207033656,0.2694964754705525
8156,540,134.5592079188621,POS,Travel,UK,6,0.280376948810131,0.043649083047974144
4812,139,109.53653633035574,POS,Food,FR,11,0.027210296506463217,0.2905077846413661
7788,627,148.32702074997067,POS,Electronics,UK,14,0.05430382215027409,0.032181578746022496
7343,773,111.92199221941699,QR,Clothing,US,8,0.18048501565228295,0.038929826042496375
4026,507,91.0699835283223,QR,Electronics,UK,23,0.08996106218807227,0.16424389563538952
316,117,101.61271145304785,ATM,Grocery,TR,23,0.16504914810639937,0.0232553733135172
5012,241,92.99094031945714,POS,Clothing,US,17,0.21288614743767362,0.1860235807319641
8314,441,65.07234753086412,QR,Grocery,UK,12,0.04464713783530859,0.29393973908649507
1635,954,14.23573912735003,QR,Clothing,FR,22,0.10168024975607128,0.24380759934393648
2906,20,105.90079820539529,POS,Food,FR,22,0.010858455999227634,0.16051392331136305
7826,127,77.82567804908726,Online,Electronics,UK,10,0.043816980596030085,0.23751983807332389
1848,510,110.93823683923854,QR,Travel,UK,17,0.02661360993788442,0.10347149633204379
6186,762,65.06515323705958,Online,Clothing,US,21,0.1714951477604676,0.07975366691337694
4474,886,98.10501688907175,ATM,Electronics,TR,18,0.16391998523964402,0.16817603290137553
560,570,162.85513903275972,POS,Clothing,FR,7,0.0086454383617664,0.22147868461145087
4685,93,48.214866109344435,QR,Food,UK,19,0.25291307237541805,0.04728552204242737
9500,438,1927.7040511956247,POS,Grocery,NG,21,0.9961891088026267,0.799185119524477
2985,338,102.77056279928831,Online,Clothing,UK,23,0.04638440634929592,0.10579107917445044
4996,128,77.20586323139904,Online,Electronics,TR,17,0.06093550446203652,0.2078098279201615
4499,679,23.017029052355582,Online,Grocery,TR,12,0.07827568258172811,0.18907340881089685
383,518,148.6952559996614,QR,Grocery,TR,10,0.010698780275738095,0.06686464059639878
7817,343,135.67987442786554,ATM,Travel,US,23,0.13734133147969368,0.1720813432074826
9345,600,128.14054849750437,ATM,Travel,US,18,0.005139326307357361,0.17641520723175325
9211,601,86.77631079515447,Online,Clothing,TR,10,0.0972150395383573,0.0899958428933836
1041,467,84.6221632409369,QR,Clothing,US,11,0.2545209664586506,0.10715458472662466
8650,76,51.183034037261486,QR,Electronics,FR,14,0.08314124533523228,0.18006914765554416
3464,177,40.999255995285665,POS,Travel,UK,10,0.25345836829376855,0.23123598563305095
6571,537,107.21791441127165,POS,Food,DE,10,0.09211131111925132,0.19211551056423537
3567,682,71.38563137028488,POS,Food,US,10,0.253525305832807,0.14760200894232814
2597,25,33.754199028876826,POS,Clothing,DE,7,0.026977709216305223,0.0889808293965953
2858,878,163.75622023305715,QR,Food,FR,8,0.21660426971807828,0.1892767286227981
4107,721,36.31285573170921,Online,Food,TR,13,0.13753362322472587,0.0279789103692741
4195,483,161.70849293956877,QR,Electronics,UK,23,0.26866412533072964,0.0021600397689395365
4821,747,31.58753775094921,Online,Electronics,TR,19,0.06882266081728645,0.06118171987681822
6518,947,73.39353113011228,POS,Electronics,US,20,0.2940348929844714,0.08500555049604451
4603,179,38.74082507141628,POS,Travel,FR,13,0.2781387103681614,0.10716951860040676
5156,782,177.57188829446443,Online,Electronics,TR,22,0.08908116862873819,0.03426171552665502
7602,880,96.29586689669053,ATM,Grocery,DE,7,0.05244387421179862,0.23783774830879295
9307,63,143.7802465410959,Online,Clothing,FR,12,0.18334557265638046,0.2925174577536245
9575,622,1110.128547115012,ATM,Electronics,US,4,0.9758575876519087,0.8340836750038032
2344,569,101.93511473787817,QR,Electronics,TR,10,0.299529751487618,0.16535586111595502
2379,183,103.22690315048612,ATM,Electronics,UK,11,0.053855390258147895,0.18627930743834667
3176,598,123.4118804848444,Online,Travel,US,20,0.2867446882864885,0.016404446299200546
7796,604,23.93701801608698,Online,Grocery,TR,13,0.2150193621370315,0.14471734103348952
9138,110,111.04381130432631,Online,Clothing,FR,17,0.2892636613577881,0.04770105422988403
3299,210,99.46287266746025,ATM,Food,FR,23,0.17871691685965205,0.24786508695071552
5656,199,182.63427323409724,QR,Clothing,DE,11,0.23410774879826302,0.22982072006078388
1781,767,81.49683577474102,ATM,Clothing,FR,10,0.03801805270529302,0.27769020312699555
8105,809,149.5498089862475,QR,Grocery,DE,12,0.19619284423702374,0.280128445459404
688,660,129.50023805522355,ATM,Travel,TR,23,0.00867368596142789,0.2871517044144214
9119,684,104.9351984207669,QR,Food,TR,15,0.159320659834331,0.01675804888811443
2963,953,56.0180533638532,POS,Clothing,DE,7,0.16425690125932324,0.2900885703236527
4977,873,95.13094970432662,QR,Electronics,DE,19,0.07480597324010596,0.2745115573954828
842,868,111.56288735920418,POS,Clothing,TR,21,0.15359007734718422,0.08087623430935108
5231,877,186.93991804754344,Online,Food,US,22,0.044503882730180196,0.05423607555465466
71,684,88.56324868706241,POS,Clothing,US,9,0.1876929832569881,0.25285144034891144
4538,339,1.0,ATM,Clothing,TR,10,0.21485379856781267,0.005978735608083174
6903,59,29.849946648623003,QR,Electronics,FR,16,0.16640838670306973,0.17860313275901682
6091,301,81.14933585066046,QR,Electronics,UK,10,0.061129136744698914,0.18125899706808124
1077,366,72.25003059428948,POS,Clothing,UK,10,0.24410931436797273,0.2712736488728986
9754,616,1094.0919092665442,ATM,Electronics,TR,9,0.9962314777925829,0.8968234201246841
8773,486,93.83509767905008,ATM,Food,UK,23,0.12124399148464393,0.026808828247771033
3702,24,118.60833811830543,POS,Clothing,DE,17,0.06754721292835104,0.1518293947022948
5176,354,91.22143954079785,Online,Grocery,DE,22,0.054281014623033474,0.24618087790523743
8888,256,115.03297244429835,POS,Travel,FR,18,0.05881283472903752,0.2569814641953993
6462,641,49.95954029786531,Online,Grocery,DE,6,0.04089189584780887,0.2175407456118534
3102,59,26.8558031130284,ATM,Food,FR,10,0.09162356538464658,0.0963609242906415
7899,960,7.678917047374952,POS,Travel,DE,22,0.020496748671485952,0.09050747923793886
2052,824,75.47381737342134,QR,Food,DE,14,0.08288624369705573,0.09309719245457043
6723,214,101.34147654624074,POS,Electronics,US,8,0.07678637713596254,0.22120672394464408
7907,438,89.86601624644128,QR,Clothing,DE,19,0.1387772194762708,0.2397810943189278
434,433,1.0,Online,Grocery,TR,20,0.20543927265378767,0.03557111089082108
3457,426,137.05825236632694,QR,Food,TR,15,0.25159179988644104,0.02408183050695406
987,887,65.1085355873051,Online,Electronics,US,16,0.29661847376605754,0.1670549050678632
5612,364,97.61459216620517,QR,Food,FR,9,0.16488191911609398,0.2750318104450385
8510,680,64.49704716897449,Online,Food,DE,6,0.028338646348295013,0.20480143293421843
4819,893,6.414244013797983,POS,Clothing,DE,18,0.29032798114702324,0.14621165714631482
1122,880,75.22539277410519,Online,Food,UK,6,0.1874851640670259,0.26349491942971726
4955,636,95.93071528579395,POS,Electronics,TR,14,0.13705412036220357,0.2842054412369154
6092,30,59.8410027101015,Online,Clothing,TR,15,0.025778712092561162,0.17940745148610676
9200,243,47.92667775291844,ATM,Electronics,TR,6,0.2237061723768428,0.15734661910399123
4352,58,106.55245819805867,POS,Electronics,TR,14,0.06898835558553067,0.01627949515027841
5596,610,97.39946095914773,Online,Clothing,UK,20,0.2815414121006413,0.03859332534776842
2422,139,129.27691291692474,QR,Food,DE,15,0.22975486161512237,0.05916337614381316
29,326,82.43639814446772,ATM,Travel,FR,6,0.17847572363615738,0.19500651952459155
804,378,54.31033242082393,QR,Food,TR,18,0.13607164335785446,0.013860622735227923
4614,125,64.17635494667077,Online,Clothing,US,13,0.14888375993231864,0.14315537287111066
2965,988,131.76265324240356,POS,Grocery,TR,9,0.06594770123229064,0.1650233863491972
5276,419,44.76662261362424,ATM,Electronics,UK,17,0.11256713904657166,0.09284931878929029
9036,918,164.86151767558943,QR,Food,US,10,0.015827887756510273,0.10674811512438738
5723,313,21.085481192479477,ATM,Clothing,FR,17,0.15530450983405897,0.2810482072358385
5247,567,131.2045091592068,Online,Grocery,TR,12,0.08000891425629421,0.21051902442104503
5774,868,167.98592280724029,Online,Clothing,TR,17,0.2665877903344872,0.25260124809674994
5491,693,55.629229115158374,Online,Electronics,US,19,0.23487427679387074,0.1615612500603848
3343,327,93.44899490298585,Online,Clothing,UK,7,0.11797759704518776,0.26102659238841813
9478,503,143.9648262839716,QR,Food,UK,12,0.14849735552064222,0.1444308541065848
1433,757,114.41257889346633,Online,Grocery,FR,6,0.14451483080871785,0.019053040971927938
2698,732,50.09480445261141,QR,Electronics,US,12,0.1656057655722605,0.25363994329915346
5858,808,55.15591892828138,POS,Travel,DE,23,0.13786841303171712,0.1624027801827042
9347,792,128.21506755709535,Online,Travel,DE,9,0.28796260546826186,0.13652300846161033
7584,391,141.47746101125773,ATM,Food,FR,18,0.20661603507249277,0.10964892267292746
7243,304,110.8588186292446,Online,Clothing,UK,10,0.00935626864476774,0.12193027340977597
6405,721,121.73112042909717,ATM,Clothing,UK,20,0.04115083332851259,0.27056764913870407
5642,821,38.25581863328112,POS,Grocery,DE,7,0.18367026768908534,0.21922225679000487
7209,312,58.82829525216329,QR,Electronics,TR,8,0.11149683827048454,0.09835949295683206
8989,294,67.70937736209996,ATM,Food,DE,15,0.035784207923120634,0.084067231503097
7730,218,122.04608547079435,ATM,Grocery,US,21,0.15721451761766758,0.14844650914974275
9566,461,3444.773786311663,ATM,Clothing,FR,4,0.7823408060567604,0.9278837373017721
9369,443,109.48888069631924,Online,Travel,US,17,0.13965935822038622,0.1782079751503475
912,700,170.61903355463505,Online,Food,TR,18,0.21801073953476913,0.1321574347547663
4443,610,158.91507224716054,QR,Electronics,TR,11,0.14152708063740468,0.022083763226908026
6745,598,87.6424171294104,POS,Grocery,DE,6,0.21178930744741334,0.28583403659152357
8249,504,172.20716603564335,Online,Grocery,TR,9,0.14075018200760628,0.11252757660546538
1844,644,100.65901304433447,QR,Clothing,DE,19,0.2066239938663131,0.2946199872236251
6080,485,126.08373245858732,POS,Travel,US,9,0.1170587101473147,0.20300393298391448
3461,512,80.72381477781941,POS,Clothing,UK,23,0.15142949601286257,0.13676094890191876
4284,339,84.82803064315041,QR,Grocery,UK,19,0.29587972121126543,0.0844091970740084
2738,95,65.02695632253611,ATM,Food,TR,22,0.09234845635799253,0.22145692688679466
5162,819,88.40379989431887,POS,Food,FR,14,0.28666404616548496,0.2581104002643876
6042,235,141.74586737133768,POS,Electronics,DE,17,0.019694551838645567,0.002884969582102148
5953,737,242.29387251445016,ATM,Food,FR,6,0.09906056463029893,0.27363963301443917
7395,436,160.2233604126824,Online,Clothing,FR,16,0.2892873998675632,0.23214320526341922
3183,555,105.7726732811434,ATM,Travel,UK,11,0.07760125299638966,0.05818475300623424
9091,537,59.08237689574651,ATM,Travel,DE,10,0.2771806291390777,0.06569391066482776
8126,640,129.02098782336793,Online,Grocery,TR,12,0.1289858926172438,0.25241676656145007
1068,19,60.766230621474975,QR,Food,FR,17,0.25103948743187515,0.25711966763514826
909,800,129.601841290999,Online,Food,UK,14,0.22929552352094223,0.17794671970378004
6124,504,21.109679737017657,QR,Grocery,US,8,0.023981075419585073,0.12023906904479764
5408,364,173.6451622832589,ATM,Grocery,US,21,0.17518873883050076,0.15377777330206455
3921,428,238.1342266365751,Online,Grocery,US,10,0.2282005432848355,0.2869512514266538
3198,205,60.27270959643168,ATM,Food,TR,19,0.04788708998471525,0.1867168773330975
3558,769,98.57096241944635,POS,Clothing,US,12,0.17882911992197453,0.2914443743161346
6786,605,99.73661116737576,ATM,Electronics,TR,21,0.28750482099167235,0.18867838217329086
3989,246,150.68335429334186,ATM,Travel,US,6,0.13880090115934907,0.18784706990340325
9982,802,10.0,ATM,Food,FR,4,0.990695400152204,0.8981764777243939
582,38,117.98245789410579,POS,Electronics,UK,21,0.20822695389948365,0.03358890652816555
6897,304,137.1681780753457,ATM,Clothing,FR,18,0.23885002183275228,0.27248221795036764
8947,14,121.13057866570631,Online,Travel,TR,18,0.2329353550365007,0.09310340790490951
1773,919,1.0,ATM,Food,DE,8,0.0189770094041207,0.1857748095324548
7516,239,54.45409682264816,ATM,Clothing,DE,9,0.00113734460172904,0.2521111218263446
3896,901,121.41637070847115,Online,Electronics,US,10,0.22110561342540844,0.057686494411042684
473,558,149.38675505126542,ATM,Grocery,TR,21,0.1297513987820118,0.10577505452136234
6488,70,105.2184390934709,QR,Grocery,US,20,0.19534646587184432,0.26655584969683654
9050,802,90.66760311292055,POS,Electronics,TR,17,0.1956734308098919,0.28038611159952426
9441,949,94.22585518041843,ATM,Food,DE,19,0.05720171614538093,0.18647907197474267
6341,296,101.54365921021264,Online,Food,US,22,0.1717739117550376,0.03970663569448208
8398,519,17.69018498106459,ATM,Electronics,UK,18,0.2174141510646325,0.018024124783561125
6248,6,155.0869824772297,QR,Food,DE,16,0.07351464536526342,0.1313993476445032
6105,83,118.75950084711465,POS,Grocery,US,18,0.15640057370618957,0.03520539053174336
1521,750,44.15670140335275,QR,Travel,US,15,0.12253632481766326,0.08270563345133966
4697,912,114.48267604501501,Online,Clothing,UK,15,0.08249401703322026,0.06687189784836556
2250,383,121.74685270890383,QR,Travel,FR,12,0.09572572953604082,0.03203534300769412
9434,758,64.19157417633119,Online,Travel,FR,11,0.17171289500167955,0.15527387510757973
1469,764,108.46227024094823,POS,Clothing,US,16,0.03786275895971721,0.1629679944658265
2441,725,143.41058091927778,ATM,Electronics,US,20,0.01168292961755999,0.2461025408404013
6471,351,138.9286448638925,ATM,Grocery,US,17,0.14293867311261124,0.2518160674574124
6368,928,65.2239642446777,Online,Electronics,TR,13,0.16728036218925732,0.061326107059095365
9101,698,79.27269428561065,POS,Clothing,DE,23,0.03964688576342824,0.10393836012567631
9060,782,92.17518047141547,QR,Electronics,UK,12,0.12316057693514858,0.16927546489749357
7524,374,109.48236985059941,Online,Electronics,DE,8,0.2656749745710141,0.062249044597120926
4328,341,127.77230911014647,QR,Clothing,TR,19,0.035847673104608443,0.22343478214832316
2990,186,118.00956390508031,Online,Electronics,FR,14,0.13461713482440282,0.18301835313882522
9932,473,2186.58474238048,QR,Food,NG,0,0.855395954287895,0.8001883300975102
6048,122,52.83786186781111,QR,Electronics,UK,21,0.2698286949358386,0.13323718793091122
5569,423,1.0,ATM,Travel,UK,6,0.12389852683195615,0.0806726482447105
1382,661,62.0759200437595,ATM,Electronics,TR,8,0.056579564058189376,0.23008972163035077
3775,562,220.919561012725,QR,Travel,DE,13,0.2894061171412743,0.288444368264179
2989,833,104.72034767020801,ATM,Travel,US,11,0.07284282395459057,0.1722686876860195
6193,494,13.504715128660365,QR,Grocery,TR,11,0.1756078907172646,0.22398832981138941
7931,665,1.0,POS,Clothing,UK,19,0.03801878977020579,0.17241634000019024
2992,137,206.78437047066862,ATM,Clothing,DE,22,0.16302116177780754,0.04639200235267512
5959,350,130.58713033322022,QR,Grocery,FR,9,0.05630856848490253,0.06349963149138405
7269,977,113.21809639790914,POS,Clothing,TR,10,0.035444867399287615,0.12937221039257107
1729,263,55.352901593516904,POS,Clothing,FR,12,0.016188197412397864,0.12820317779775248
3262,325,121.89114392551434,Online,Travel,US,15,0.28260578629593974,0.20453899122645672
9612,854,1220.17369540161,Online,Travel,TR,18,0.7825292535924672,0.8369106354642233
4640,638,32.824963508774005,POS,Travel,FR,21,0.1747984303338166,0.12588894449092483
2036,423,104.36643519608245,Online,Clothing,TR,7,0.08814522653372323,0.14499304434943117
8100,42,1.2552484465300182,Online,Grocery,US,10,0.16669186941993658,0.12078862805514486
3327,522,79.12269668727062,POS,Travel,DE,17,0.22079480646081848,0.13257353262700783
9636,451,22.168429062989272,QR,Food,UK,4,0.8903044934000894,0.8981834772298527
7580,548,119.12704102475338,QR,Food,US,17,0.012955526069674895,0.0805524443685727
2471,987,81.80442180862607,QR,Travel,US,10,0.24525618798486468,0.2267467676998851
8899,220,149.05695767858424,Online,Electronics,FR,21,0.07670348756645287,0.002225961442949509
1316,318,154.8271397987607,QR,Travel,TR,20,0.23395596989688333,0.25415881939050533
8452,324,88.54716389291552,Online,Clothing,TR,15,0.25973221211121733,0.0835358332887058
3557,270,89.76217204599229,Online,Clothing,UK,6,0.058686913317403507,0.10741815606000689
7947,412,109.32709106013122,QR,Food,FR,23,0.14983396820867087,0.28115623823542574
4818,727,81.33630710023229,Online,Travel,FR,22,0.059876533111346206,0.16839207282598836
5892,288,72.31562420379484,ATM,Electronics,DE,12,0.17541324218438079,0.0005672056556953242
7946,339,116.79676956982294,QR,Grocery,US,13,0.04860518399953312,0.10147040295103385
5493,155,63.27330908259843,Online,Electronics,US,19,0.279940685806205,0.05888713798336532
1299,302,109.97536632194442,ATM,Grocery,US,7,0.04097559680012553,0.1174580097550536
2149,5,11.986874970999551,Online,Clothing,FR,15,0.22637313001335327,0.1812764249350012
806,885,45.488245990712464,QR,Clothing,US,16,0.18447444084785108,0.2302981466374696
8048,169,190.90794183378938,ATM,Travel,US,21,0.07609368826925549,0.05815497451834767
2843,75,132.00624378208107,Online,Electronics,UK,17,0.1263681705951535,0.24111041969467026
6755,355,123.53924871976218,POS,Travel,DE,11,0.051284376876559734,0.1740334960210648
1427,448,90.29101313685678,Online,Grocery,US,16,0.009001939730017283,0.10233259741093272
4965,761,28.513467188199613,Online,Travel,US,6,0.2221132280192643,0.2433570359949644
2753,979,106.46838355054062,POS,Travel,TR,8,0.12419460215174347,0.27113896108491
5448,68,140.2913605212387,QR,Grocery,TR,11,0.17693938532669748,0.053376049519598776
94,183,94.04569282519702,QR,Clothing,DE,10,0.062397352588323504,0.12081666182405931
8130,791,139.92385052226234,POS,Grocery,TR,11,0.0010786324749034514,0.07223717161461697
973,564,34.964911512292815,QR,Food,TR,7,0.19118288394512464,0.1154876339756403
5940,492,171.43212720072776,ATM,Grocery,US,10,0.17865791854530158,0.26457783196631685
5259,772,117.12067903841617,Online,Grocery,UK,15,0.20131492387475963,0.13433256782060057
6716,944,101.80330301911617,ATM,Food,TR,17,0.050869591371805876,0.21937241307872218
3636,34,97.32073123405696,POS,Electronics,FR,9,0.10718207098026317,0.2706210863095817
2579,654,141.2591862276684,ATM,Clothing,US,21,0.062178784480923455,0.09955471198083574
5471,377,122.57442412374732,QR,Clothing,FR,21,0.26763160170759337,0.24764342083603208
3570,421,55.337525124080116,POS,Grocery,US,23,0.19630729260543645,0.19577442427830302
3075,236,119.89624233576666,Online,Electronics,UK,6,0.09198573428794683,0.054583330838224954
5318,757,28.519266304026942,POS,Travel,UK,8,0.04144619238838776,0.016187715296545856
8418,889,127.20074691532065,ATM,Travel,US,20,0.15787069594471811,0.1774551109189906
4215,316,96.0553889042502,Online,Grocery,US,18,0.2915111773496739,0.16562956538444099
8675,957,165.73318654876886,ATM,Food,UK,22,0.1122110628199586,0.2221925891823978
6983,287,84.52644626502801,QR,Clothing,TR,11,0.04716754659188873,0.15914641610227334
6991,648,78.44649295288353,POS,Clothing,FR,18,0.12631282287588616,0.24379418615067983
951,882,95.74778304809882,POS,Travel,FR,17,0.18457885286638992,0.15659170960540844
3315,751,168.55705236710452,POS,Travel,UK,15,0.04507178306467471,0.1849447922879802
8733,949,25.36049396856947,Online,Electronics,US,20,0.10912298378213071,0.16236611548676666
9232,542,123.99141857597446,Online,Travel,FR,13,0.17788552609107233,0.153675279714843
9544,833,378.03237105431026,QR,Electronics,DE,10,0.8859479785872104,0.9725722188142728
3612,661,118.9441893901418,ATM,Travel,US,10,0.29355850365086594,0.26556326002937336
92,473,105.05167439913981,Online,Clothing,DE,12,0.12658174761504984,0.2770249726874853
1866,720,71.35887382097796,QR,Clothing,UK,15,0.21710081783353202,0.15965177484868417
6287,108,73.14202687596685,QR,Electronics,FR,9,0.23425895659007273,0.0385251701182547
331,848,28.352545819145618,Online,Travel,UK,19,0.09172017733759537,0.014629695928685793
5662,397,163.9033052382714,QR,Grocery,FR,16,0.205501369153046,0.07003161878747481
1960,809,51.13811556426196,ATM,Electronics,US,21,0.07956011637565527,0.008527843582708227
5728,782,112.58253328398197,POS,Grocery,UK,16,0.2944994111232003,0.11747330817071351
6879,497,52.36733853002644,POS,Grocery,TR,20,0.18206941310360475,0.17975303276967725
225,631,148.46152938059873,ATM,Electronics,FR,11,0.17471889861022805,0.0777362927190136
2349,246,116.0127390644077,ATM,Clothing,DE,7,0.13337376656220748,0.2597534993350318
7138,817,178.67714600248587,ATM,Clothing,DE,20,0.024112206617571307,0.12489594928722106
7968,729,59.197899950567454,QR,Travel,US,7,0.17142383229548744,0.09231420927419533
296,803,56.55769608407848,QR,Grocery,TR,10,0.2552438958146183,0.20831144521434364
6684,128,143.10556895168673,Online,Electronics,UK,14,0.10358415016030516,0.07052279300033214
437,799,113.33498947510361,POS,Grocery,US,13,0.20920537548085336,0.15769347299831432
7623,926,143.72481641991143,QR,Clothing,TR,8,0.1558507739562977,0.1614140261096351
772,84,125.70240703432339,Online,Travel,DE,6,0.2940831260531665,0.09419548204272078
9158,676,80.66477293622782,Online,Food,TR,8,0.061930088765008884,0.21746749892298373
7724,866,86.34754587424213,ATM,Food,DE,16,0.22485325560741362,0.2209808645448064
5002,555,56.437709409274476,POS,Travel,UK,8,0.07340539317402031,0.06398610009715981
4739,692,114.28700806382959,ATM,Electronics,TR,15,0.08080071375530172,0.058216890649230454
8537,949,152.43203545603217,ATM,Grocery,FR,23,0.24895526317531738,0.010478998056636601
7368,126,112.72662948938192,ATM,Clothing,UK,7,0.19200820074179803,0.2180393808499058
6631,934,53.67947677030905,ATM,Clothing,FR,23,0.14340945610544012,0.1802890457811108
4544,197,15.414908870250272,ATM,Food,US,12,0.1023044955732333,0.23561696440477736
8072,770,86.59961287473214,POS,Clothing,US,21,0.25170925376009046,0.053930943793662346
7397,595,158.73988466908153,POS,Travel,DE,12,0.005468392977540626,0.07741239883451206
9848,216,10.0,ATM,Electronics,US,4,0.7518448903408574,0.9674578342314497
4131,438,80.66829011428457,POS,Grocery,FR,16,0.027371301827381476,0.17246295315333898
3406,347,123.95895797057472,ATM,Grocery,FR,17,0.26592796198531915,0.09522255707268666
3975,190,72.98141898674955,QR,Electronics,UK,20,0.07182127592153165,0.18001312330276803
562,353,36.6551643536703,QR,Food,TR,19,0.2644001432201784,0.12201944278448718
9521,369,2920.3608661926996,ATM,Grocery,TR,15,0.9073790991287198,0.852179866755458
4755,665,110.90621848405016,ATM,Grocery,DE,22,0.020953854259394233,0.22739228848321683
2850,473,152.70635041548096,ATM,Grocery,FR,13,0.2410529542856723,0.22977701104150808
3742,536,77.80882601543341,QR,Food,DE,22,0.024787070038438896,0.15256318906028601
7197,289,163.98242173359972,ATM,Clothing,UK,6,0.09467823175255007,0.276710724149963
2733,834,139.4442103774321,ATM,Travel,UK,12,0.2644984716525669,0.07310665999914435
8085,421,111.32960630889991,Online,Grocery,US,20,0.17094864053365041,0.03542317250217303
2102,707,80.78373865706138,POS,Clothing,TR,8,0.07635188838490063,0.26195101759966666
2536,563,36.690449019358695,QR,Electronics,TR,15,0.29268420392384464,0.17739280092264006
6659,33,83.78389795449021,QR,Clothing,TR,19,0.008432802662255712,0.0013635221524785578
3364,45,88.44486746654232,QR,Travel,DE,9,0.025600237493480827,0.1942051319420316
5229,196,47.098237057092774,POS,Travel,US,22,0.2183413844811433,0.19666374051426788
1387,637,104.942972250551,QR,Grocery,US,17,0.2753052389818063,0.15304151893353538
6485,161,51.883461627745795,QR,Food,UK,10,0.23439275743435847,0.13524964101474715
6399,61,80.2438035859656,POS,Food,UK,14,0.18885618382276984,0.1513389289455618
3499,38,36.489537830652665,POS,Grocery,TR,15,0.15069501668941768,0.17138899912670102
4357,104,107.29090490106447,POS,Clothing,TR,7,0.07221632113215957,0.10434938608089295
1578,931,199.07621335413347,ATM,Travel,DE,17,0.055075541983515296,0.015939612305778915
5979,410,144.32544010377626,ATM,Travel,US,21,0.002238046411472372,0.2785714513546932
6288,371,138.98864052015634,ATM,Grocery,DE,15,0.10137386303797523,0.17164005492519893
7759,593,18.54533556846735,Online,Travel,TR,23,0.010871914741877885,0.10297223597986695
5851,711,33.16120608623763,Online,Travel,FR,7,0.2932279299817454,0.25518562728423033
4980,525,82.10165556233011,POS,Travel,DE,21,0.29682390586224006,0.2566004186388997
4392,707,78.94848270687525,POS,Food,FR,13,0.03879920122732988,0.05454188491896856
1443,831,168.88037235871525,QR,Clothing,US,19,0.1295610419039384,0.17264702208330276
1187,298,185.46035771764815,QR,Grocery,FR,13,0.12734578410905267,0.08668136425247926
75,572,80.95934839271405,QR,Clothing,FR,23,0.10842124475167365,0.20745726418995925
4200,738,73.03071364592498,ATM,Electronics,TR,20,0.28668587258882805,0.08030940038238489
9690,877,10.0,QR,Food,NG,12,0.8345840555275316,0.9428675537424811
4383,78,87.40425335644213,QR,Clothing,UK,15,0.1209532104573829,0.08832921164236349
299,27,122.66272506428855,POS,Food,TR,14,0.07439951087196026,0.25744948906454873
9219,624,91.24341221803282,POS,Grocery,TR,9,0.27169565901659737,0.23973911771909778
4266,476,20.581537587470876,QR,Clothing,FR,10,0.21992247148356403,0.2953159385269085
1310,311,37.09900443668314,POS,Grocery,UK,17,0.14407733222214694,0.0728955899796439
5464,845,139.48855143183533,POS,Electronics,US,10,0.14421659052675034,0.13320651775880749
3787,859,115.09003785054898,ATM,Food,FR,17,0.023362507855917924,0.179808938828088
9299,639,121.71812449197832,QR,Electronics,FR,10,0.2592595261210352,0.15450626784254787
9153,870,134.09769406549108,POS,Clothing,UK,14,0.03662542061436573,0.280543558148496
529,667,20.81960327899013,ATM,Clothing,UK,21,0.21811726331965467,0.022891166581434762
6742,913,117.49659973722211,POS,Food,FR,18,0.03957930627395396,0.09638318528667919
2191,896,87.54303768802193,QR,Grocery,TR,7,0.0006009942603686369,0.10910649607348401
208,82,72.35520331531437,Online,Electronics,UK,10,0.2601577214330186,0.2463115126562231
2011,793,81.6322095615876,ATM,Grocery,DE,6,0.17342745858971545,0.207243843868617
851,488,13.545041128397472,QR,Food,TR,12,0.2063714295228554,0.2849636319474283
9495,463,198.65623328932696,ATM,Electronics,DE,19,0.2962563181238485,0.0038541851206538077
8264,544,169.538158601674,Online,Clothing,US,17,0.0036370687804414214,0.2433822772380717
2071,974,1.0,ATM,Clothing,FR,12,0.13346631649251453,0.02857713919791259
1586,829,126.58327979692974,POS,Clothing,TR,11,0.20940913688860904,0.2075059094806581
506,589,159.7988231241852,ATM,Grocery,US,20,0.09782341917152046,0.05229928873546513
581,426,64.70604929698925,ATM,Food,FR,9,0.1812885852951194,0.05827516233048739
